,year,county_name,commodity_desc,value,percent
0,1919.0,DICKEY,CORN,31000.0,0.0933734939759036
1,1919.0,DICKEY,NOT CORN,301000.0,0.9066265060240964
2,1919.0,LA MOURE,CORN,18000.0,0.046997389033942565
3,1919.0,LA MOURE,NOT CORN,365000.0,0.9530026109660574
4,1919.0,LOGAN,CORN,2000.0,0.009523809523809523
5,1919.0,LOGAN,NOT CORN,208000.0,0.9904761904761904
6,1919.0,MCINTOSH,CORN,5000.0,0.02066115702479339
7,1919.0,MCINTOSH,NOT CORN,237000.0,0.9793388429752066
8,1920.0,DICKEY,CORN,47000.0,0.1407185628742515
9,1920.0,DICKEY,NOT CORN,287000.0,0.8592814371257484
10,1920.0,LA MOURE,CORN,24000.0,0.06266318537859007
11,1920.0,LA MOURE,NOT CORN,359000.0,0.93733681462141
12,1920.0,LOGAN,CORN,4000.0,0.018018018018018014
13,1920.0,LOGAN,NOT CORN,218000.0,0.981981981981982
14,1920.0,MCINTOSH,CORN,6000.0,0.02666666666666667
15,1920.0,MCINTOSH,NOT CORN,219000.0,0.9733333333333334
16,1921.0,DICKEY,CORN,51000.0,0.1457142857142857
17,1921.0,DICKEY,NOT CORN,299000.0,0.8542857142857143
18,1921.0,LA MOURE,CORN,26000.0,0.060889929742388764
19,1921.0,LA MOURE,NOT CORN,401000.0,0.9391100702576112
20,1921.0,LOGAN,CORN,7000.0,0.02991452991452992
21,1921.0,LOGAN,NOT CORN,227000.0,0.97008547008547
22,1921.0,MCINTOSH,CORN,6000.0,0.03125
23,1921.0,MCINTOSH,NOT CORN,186000.0,0.96875
24,1922.0,DICKEY,CORN,55000.0,0.16224188790560473
25,1922.0,DICKEY,NOT CORN,284000.0,0.8377581120943953
26,1922.0,LA MOURE,CORN,34000.0,0.08292682926829269
27,1922.0,LA MOURE,NOT CORN,376000.0,0.9170731707317074
28,1922.0,LOGAN,CORN,10000.0,0.04
29,1922.0,LOGAN,NOT CORN,240000.0,0.96
30,1922.0,MCINTOSH,CORN,7000.0,0.032710280373831765
31,1922.0,MCINTOSH,NOT CORN,207000.0,0.9672897196261684
32,1923.0,DICKEY,CORN,59000.0,0.18849840255591052
33,1923.0,DICKEY,NOT CORN,254000.0,0.8115015974440895
34,1923.0,LA MOURE,CORN,37000.0,0.09343434343434344
35,1923.0,LA MOURE,NOT CORN,359000.0,0.9065656565656566
36,1923.0,LOGAN,CORN,10000.0,0.04065040650406504
37,1923.0,LOGAN,NOT CORN,236000.0,0.9593495934959351
38,1923.0,MCINTOSH,CORN,9000.0,0.04477611940298507
39,1923.0,MCINTOSH,NOT CORN,192000.0,0.9552238805970148
40,1924.0,DICKEY,CORN,66000.0,0.1946902654867257
41,1924.0,DICKEY,NOT CORN,273000.0,0.8053097345132744
42,1924.0,LA MOURE,CORN,42000.0,0.10071942446043164
43,1924.0,LA MOURE,NOT CORN,375000.0,0.8992805755395683
44,1924.0,LOGAN,CORN,14000.0,0.05737704918032788
45,1924.0,LOGAN,NOT CORN,230000.0,0.9426229508196722
46,1924.0,MCINTOSH,CORN,13000.0,0.04676258992805756
47,1924.0,MCINTOSH,NOT CORN,265000.0,0.9532374100719424
48,1925.0,DICKEY,CORN,54000.0,0.1569767441860465
49,1925.0,DICKEY,NOT CORN,290000.0,0.8430232558139535
50,1925.0,LA MOURE,CORN,30000.0,0.07194244604316546
51,1925.0,LA MOURE,NOT CORN,387000.0,0.9280575539568344
52,1925.0,LOGAN,CORN,11000.0,0.039145907473309614
53,1925.0,LOGAN,NOT CORN,270000.0,0.9608540925266904
54,1925.0,MCINTOSH,CORN,9000.0,0.03225806451612903
55,1925.0,MCINTOSH,NOT CORN,270000.0,0.967741935483871
56,1926.0,DICKEY,CORN,50000.0,0.18315018315018314
57,1926.0,DICKEY,NOT CORN,223000.0,0.8168498168498168
58,1926.0,LA MOURE,CORN,27000.0,0.08598726114649681
59,1926.0,LA MOURE,NOT CORN,287000.0,0.9140127388535032
60,1926.0,LOGAN,CORN,11000.0,0.050925925925925916
61,1926.0,LOGAN,NOT CORN,205000.0,0.949074074074074
62,1926.0,MCINTOSH,CORN,8000.0,0.0311284046692607
63,1926.0,MCINTOSH,NOT CORN,249000.0,0.9688715953307392
64,1927.0,DICKEY,CORN,50000.0,0.14749262536873156
65,1927.0,DICKEY,NOT CORN,289000.0,0.8525073746312685
66,1927.0,LA MOURE,CORN,28000.0,0.07161125319693094
67,1927.0,LA MOURE,NOT CORN,363000.0,0.9283887468030692
68,1927.0,LOGAN,CORN,11000.0,0.04104477611940298
69,1927.0,LOGAN,NOT CORN,257000.0,0.9589552238805972
70,1927.0,MCINTOSH,CORN,11000.0,0.03819444444444445
71,1927.0,MCINTOSH,NOT CORN,277000.0,0.9618055555555556
72,1928.0,DICKEY,CORN,51000.0,0.15223880597014924
73,1928.0,DICKEY,NOT CORN,284000.0,0.8477611940298507
74,1928.0,LA MOURE,CORN,31000.0,0.07692307692307693
75,1928.0,LA MOURE,NOT CORN,372000.0,0.9230769230769232
76,1928.0,LOGAN,CORN,9000.0,0.031141868512110725
77,1928.0,LOGAN,NOT CORN,280000.0,0.9688581314878892
78,1928.0,MCINTOSH,CORN,9000.0,0.03125
79,1928.0,MCINTOSH,NOT CORN,279000.0,0.96875
80,1929.0,DICKEY,CORN,54000.0,0.12646370023419204
81,1929.0,DICKEY,NOT CORN,373000.0,0.8735362997658079
82,1929.0,LA MOURE,CORN,36000.0,0.06679035250463823
83,1929.0,LA MOURE,NOT CORN,503000.0,0.9332096474953616
84,1929.0,LOGAN,CORN,8000.0,0.018018018018018014
85,1929.0,LOGAN,NOT CORN,436000.0,0.981981981981982
86,1929.0,MCINTOSH,CORN,8000.0,0.016494845360824743
87,1929.0,MCINTOSH,NOT CORN,477000.0,0.9835051546391752
88,1930.0,DICKEY,CORN,57000.0,0.13013698630136986
89,1930.0,DICKEY,NOT CORN,381000.0,0.8698630136986302
90,1930.0,LA MOURE,CORN,36000.0,0.061224489795918366
91,1930.0,LA MOURE,NOT CORN,552000.0,0.9387755102040816
92,1930.0,LOGAN,CORN,7000.0,0.01601830663615561
93,1930.0,LOGAN,NOT CORN,430000.0,0.9839816933638444
94,1930.0,MCINTOSH,CORN,9000.0,0.019271948608137045
95,1930.0,MCINTOSH,NOT CORN,458000.0,0.9807280513918628
96,1931.0,DICKEY,CORN,64000.0,0.13646055437100213
97,1931.0,DICKEY,NOT CORN,405000.0,0.8635394456289979
98,1931.0,LA MOURE,CORN,46000.0,0.07210031347962383
99,1931.0,LA MOURE,NOT CORN,592000.0,0.927899686520376
100,1931.0,LOGAN,CORN,7000.0,0.014767932489451475
101,1931.0,LOGAN,NOT CORN,467000.0,0.9852320675105484
102,1931.0,MCINTOSH,CORN,13000.0,0.02685950413223141
103,1931.0,MCINTOSH,NOT CORN,471000.0,0.9731404958677686
104,1932.0,DICKEY,CORN,60000.0,0.13513513513513514
105,1932.0,DICKEY,NOT CORN,384000.0,0.8648648648648649
106,1932.0,LA MOURE,CORN,35000.0,0.060869565217391314
107,1932.0,LA MOURE,NOT CORN,540000.0,0.9391304347826088
108,1932.0,LOGAN,CORN,9000.0,0.018442622950819672
109,1932.0,LOGAN,NOT CORN,479000.0,0.9815573770491804
110,1932.0,MCINTOSH,CORN,10000.0,0.02092050209205021
111,1932.0,MCINTOSH,NOT CORN,468000.0,0.9790794979079498
112,1933.0,DICKEY,CORN,69000.0,0.2292358803986711
113,1933.0,DICKEY,NOT CORN,232000.0,0.7707641196013291
114,1933.0,LA MOURE,CORN,52000.0,0.10038610038610038
115,1933.0,LA MOURE,NOT CORN,466000.0,0.8996138996138996
116,1933.0,LOGAN,CORN,9000.0,0.022388059701492536
117,1933.0,LOGAN,NOT CORN,393000.0,0.9776119402985076
118,1933.0,MCINTOSH,CORN,12000.0,0.03389830508474576
119,1933.0,MCINTOSH,NOT CORN,342000.0,0.9661016949152542
120,1934.0,DICKEY,CORN,43000.0,0.6935483870967742
121,1934.0,DICKEY,NOT CORN,19000.0,0.3064516129032258
122,1934.0,LA MOURE,CORN,52000.0,0.23008849557522126
123,1934.0,LA MOURE,NOT CORN,174000.0,0.7699115044247787
124,1934.0,LOGAN,CORN,12000.0,0.3428571428571429
125,1934.0,LOGAN,NOT CORN,23000.0,0.6571428571428571
126,1934.0,MCINTOSH,CORN,7000.0,0.6363636363636364
127,1934.0,MCINTOSH,NOT CORN,4000.0,0.3636363636363637
128,1935.0,DICKEY,CORN,48000.0,0.12903225806451613
129,1935.0,DICKEY,NOT CORN,324000.0,0.8709677419354839
130,1935.0,LA MOURE,CORN,37000.0,0.08096280087527352
131,1935.0,LA MOURE,NOT CORN,420000.0,0.9190371991247264
132,1935.0,LOGAN,CORN,12000.0,0.040540540540540536
133,1935.0,LOGAN,NOT CORN,284000.0,0.9594594594594594
134,1935.0,MCINTOSH,CORN,15000.0,0.049180327868852465
135,1935.0,MCINTOSH,NOT CORN,290000.0,0.9508196721311476
136,1936.0,DICKEY,CORN,32000.0,0.3902439024390244
137,1936.0,DICKEY,NOT CORN,50000.0,0.6097560975609756
138,1936.0,LA MOURE,CORN,26000.0,0.37681159420289856
139,1936.0,LA MOURE,NOT CORN,43000.0,0.6231884057971014
140,1936.0,LOGAN,CORN,1000.0,0.14285714285714285
141,1936.0,LOGAN,NOT CORN,6000.0,0.8571428571428571
142,1936.0,MCINTOSH,CORN,1000.0,0.1
143,1936.0,MCINTOSH,NOT CORN,9000.0,0.9
144,1937.0,DICKEY,CORN,35000.0,0.13307984790874525
145,1937.0,DICKEY,NOT CORN,228000.0,0.8669201520912547
146,1937.0,LA MOURE,CORN,24000.0,0.0636604774535809
147,1937.0,LA MOURE,NOT CORN,353000.0,0.9363395225464192
148,1937.0,LOGAN,CORN,5000.0,0.02538071065989848
149,1937.0,LOGAN,NOT CORN,192000.0,0.9746192893401016
150,1937.0,MCINTOSH,CORN,4000.0,0.023391812865497075
151,1937.0,MCINTOSH,NOT CORN,167000.0,0.9766081871345028
152,1938.0,DICKEY,CORN,39000.0,0.2582781456953642
153,1938.0,DICKEY,NOT CORN,112000.0,0.7417218543046358
154,1938.0,LA MOURE,CORN,30000.0,0.11627906976744184
155,1938.0,LA MOURE,NOT CORN,228000.0,0.8837209302325582
156,1938.0,LOGAN,CORN,8000.0,0.03347280334728033
157,1938.0,LOGAN,NOT CORN,231000.0,0.9665271966527196
158,1938.0,MCINTOSH,CORN,10000.0,0.14084507042253522
159,1938.0,MCINTOSH,NOT CORN,61000.0,0.8591549295774648
160,1939.0,DICKEY,CORN,43000.0,0.15985130111524162
161,1939.0,DICKEY,NOT CORN,226000.0,0.8401486988847584
162,1939.0,LA MOURE,CORN,33000.0,0.08800000000000001
163,1939.0,LA MOURE,NOT CORN,342000.0,0.912
164,1939.0,LOGAN,CORN,8000.0,0.0311284046692607
165,1939.0,LOGAN,NOT CORN,249000.0,0.9688715953307392
166,1939.0,MCINTOSH,CORN,12000.0,0.048979591836734684
167,1939.0,MCINTOSH,NOT CORN,233000.0,0.9510204081632652
168,1940.0,DICKEY,CORN,45400.0,0.14214151534126487
169,1940.0,DICKEY,NOT CORN,274000.0,0.8578584846587352
170,1940.0,LA MOURE,CORN,29000.0,0.06954436450839327
171,1940.0,LA MOURE,NOT CORN,388000.0,0.9304556354916068
172,1940.0,LOGAN,CORN,6800.0,0.0216010165184244
173,1940.0,LOGAN,NOT CORN,308000.0,0.9783989834815756
174,1940.0,MCINTOSH,CORN,13100.0,0.03932752927048934
175,1940.0,MCINTOSH,NOT CORN,320000.0,0.9606724707295108
176,1941.0,DICKEY,CORN,49800.0,0.1423670668953688
177,1941.0,DICKEY,NOT CORN,300000.0,0.8576329331046312
178,1941.0,LA MOURE,CORN,31300.0,0.06799913100152075
179,1941.0,LA MOURE,NOT CORN,429000.0,0.9320008689984792
180,1941.0,LOGAN,CORN,6800.0,0.02119700748129676
181,1941.0,LOGAN,NOT CORN,314000.0,0.9788029925187032
182,1941.0,MCINTOSH,CORN,12100.0,0.03436523714853735
183,1941.0,MCINTOSH,NOT CORN,340000.0,0.9656347628514628
184,1942.0,DICKEY,CORN,49600.0,0.13789268835140395
185,1942.0,DICKEY,NOT CORN,310100.0,0.8621073116485959
186,1942.0,LA MOURE,CORN,29100.0,0.06460923623445826
187,1942.0,LA MOURE,NOT CORN,421300.0,0.9353907637655418
188,1942.0,LOGAN,CORN,5700.0,0.017762542848239325
189,1942.0,LOGAN,NOT CORN,315200.0,0.9822374571517608
190,1942.0,MCINTOSH,CORN,10400.0,0.028737220226581924
191,1942.0,MCINTOSH,NOT CORN,351500.0,0.971262779773418
192,1943.0,DICKEY,CORN,43000.0,0.1277101277101277
193,1943.0,DICKEY,NOT CORN,293700.0,0.8722898722898723
194,1943.0,LA MOURE,CORN,26500.0,0.05017989017231585
195,1943.0,LA MOURE,NOT CORN,501600.0,0.9498201098276842
196,1943.0,LOGAN,CORN,4800.0,0.012990527740189444
197,1943.0,LOGAN,NOT CORN,364700.0,0.9870094722598104
198,1943.0,MCINTOSH,CORN,10200.0,0.02441359502154141
199,1943.0,MCINTOSH,NOT CORN,407600.0,0.9755864049784586
200,1944.0,DICKEY,CORN,57200.0,0.1621315192743764
201,1944.0,DICKEY,NOT CORN,295600.0,0.8378684807256236
202,1944.0,LA MOURE,CORN,31600.0,0.05688568856885689
203,1944.0,LA MOURE,NOT CORN,523900.0,0.9431143114311432
204,1944.0,LOGAN,CORN,5000.0,0.012251899044351876
205,1944.0,LOGAN,NOT CORN,403100.0,0.987748100955648
206,1944.0,MCINTOSH,CORN,9700.0,0.02166629439356712
207,1944.0,MCINTOSH,NOT CORN,438000.0,0.9783337056064328
208,1945.0,DICKEY,CORN,53000.0,0.1403973509933775
209,1945.0,DICKEY,NOT CORN,324500.0,0.8596026490066225
210,1945.0,LA MOURE,CORN,35000.0,0.06182653241476771
211,1945.0,LA MOURE,NOT CORN,531100.0,0.9381734675852323
212,1945.0,LOGAN,CORN,4500.0,0.011258443832874656
213,1945.0,LOGAN,NOT CORN,395200.0,0.9887415561671252
214,1945.0,MCINTOSH,CORN,8500.0,0.01808510638297872
215,1945.0,MCINTOSH,NOT CORN,461500.0,0.9819148936170212
216,1946.0,DICKEY,CORN,45000.0,0.11568123393316194
217,1946.0,DICKEY,NOT CORN,344000.0,0.884318766066838
218,1946.0,LA MOURE,CORN,34000.0,0.05923344947735192
219,1946.0,LA MOURE,NOT CORN,540000.0,0.940766550522648
220,1946.0,LOGAN,CORN,3800.0,0.009429280397022332
221,1946.0,LOGAN,NOT CORN,399200.0,0.9905707196029776
222,1946.0,MCINTOSH,CORN,6500.0,0.014170481796381078
223,1946.0,MCINTOSH,NOT CORN,452200.0,0.985829518203619
224,1947.0,DICKEY,CORN,43500.0,0.10271546635183
225,1947.0,DICKEY,NOT CORN,380000.0,0.8972845336481701
226,1947.0,LA MOURE,CORN,35000.0,0.059931506849315065
227,1947.0,LA MOURE,NOT CORN,549000.0,0.9400684931506851
228,1947.0,LOGAN,CORN,4300.0,0.01024297284421153
229,1947.0,LOGAN,NOT CORN,415500.0,0.9897570271557884
230,1947.0,MCINTOSH,CORN,6700.0,0.014123102866779091
231,1947.0,MCINTOSH,NOT CORN,467700.0,0.9858768971332208
232,1948.0,DICKEY,CORN,39000.0,0.0665075034106412
233,1948.0,DICKEY,NOT CORN,547400.0,0.9334924965893588
234,1948.0,LA MOURE,CORN,31500.0,0.04429133858267716
235,1948.0,LA MOURE,NOT CORN,679700.0,0.9557086614173228
236,1948.0,LOGAN,CORN,5000.0,0.008695652173913044
237,1948.0,LOGAN,NOT CORN,570000.0,0.991304347826087
238,1948.0,MCINTOSH,CORN,6000.0,0.010230179028132991
239,1948.0,MCINTOSH,NOT CORN,580500.0,0.9897698209718669
240,1949.0,DICKEY,CORN,46700.0,0.04718601596443367
241,1949.0,DICKEY,NOT CORN,943000.0,0.9528139840355664
242,1949.0,LA MOURE,CORN,38100.0,0.0260941031436203
243,1949.0,LA MOURE,NOT CORN,1422000.0,0.9739058968563796
244,1949.0,LOGAN,CORN,8500.0,0.0065968180054326725
245,1949.0,LOGAN,NOT CORN,1280000.0,0.9934031819945672
246,1949.0,MCINTOSH,CORN,10000.0,0.0075137125253587796
247,1949.0,MCINTOSH,NOT CORN,1320900.0,0.9924862874746412
248,1950.0,DICKEY,CORN,50500.0,0.054861488321564365
249,1950.0,DICKEY,NOT CORN,870000.0,0.9451385116784357
250,1950.0,LA MOURE,CORN,40500.0,0.032569360675512665
251,1950.0,LA MOURE,NOT CORN,1203000.0,0.9674306393244874
252,1950.0,LOGAN,CORN,14500.0,0.01383719820593568
253,1950.0,LOGAN,NOT CORN,1033400.0,0.9861628017940643
254,1950.0,MCINTOSH,CORN,18000.0,0.015748031496062992
255,1950.0,MCINTOSH,NOT CORN,1125000.0,0.9842519685039369
256,1951.0,DICKEY,CORN,46500.0,0.044905842588121685
257,1951.0,DICKEY,NOT CORN,989000.0,0.9550941574118784
258,1951.0,LA MOURE,CORN,39500.0,0.02679782903663501
259,1951.0,LA MOURE,NOT CORN,1434500.0,0.973202170963365
260,1951.0,LOGAN,CORN,13500.0,0.01158301158301158
261,1951.0,LOGAN,NOT CORN,1152000.0,0.9884169884169884
262,1951.0,MCINTOSH,CORN,18500.0,0.0148
263,1951.0,MCINTOSH,NOT CORN,1231500.0,0.9852
264,1952.0,DICKEY,CORN,36000.0,0.0364741641337386
265,1952.0,DICKEY,NOT CORN,951000.0,0.9635258358662614
266,1952.0,LA MOURE,CORN,30000.0,0.0228310502283105
267,1952.0,LA MOURE,NOT CORN,1284000.0,0.9771689497716894
268,1952.0,LOGAN,CORN,9500.0,0.008656036446469248
269,1952.0,LOGAN,NOT CORN,1088000.0,0.9913439635535308
270,1952.0,MCINTOSH,CORN,13000.0,0.010987153482082488
271,1952.0,MCINTOSH,NOT CORN,1170200.0,0.9890128465179177
272,1953.0,DICKEY,CORN,36500.0,0.03741670937980523
273,1953.0,DICKEY,NOT CORN,939000.0,0.9625832906201948
274,1953.0,LA MOURE,CORN,36000.0,0.0256136606189968
275,1953.0,LA MOURE,NOT CORN,1369500.0,0.9743863393810032
276,1953.0,LOGAN,CORN,12000.0,0.01092896174863388
277,1953.0,LOGAN,NOT CORN,1086000.0,0.989071038251366
278,1953.0,MCINTOSH,CORN,17000.0,0.015268546793605176
279,1953.0,MCINTOSH,NOT CORN,1096400.0,0.9847314532063948
280,1954.0,DICKEY,CORN,43500.0,0.04820478723404256
281,1954.0,DICKEY,NOT CORN,858900.0,0.9517952127659576
282,1954.0,LA MOURE,CORN,37900.0,0.030062663599587525
283,1954.0,LA MOURE,NOT CORN,1222800.0,0.9699373364004124
284,1954.0,LOGAN,CORN,15600.0,0.016126531245154292
285,1954.0,LOGAN,NOT CORN,951750.0,0.9838734687548456
286,1954.0,MCINTOSH,CORN,16700.0,0.0158301341295796
287,1954.0,MCINTOSH,NOT CORN,1038250.0,0.9841698658704204
288,1955.0,DICKEY,CORN,47000.0,0.056459847438284576
289,1955.0,DICKEY,NOT CORN,785450.0,0.9435401525617154
290,1955.0,LA MOURE,CORN,42000.0,0.0361352490751097
291,1955.0,LA MOURE,NOT CORN,1120300.0,0.9638647509248904
292,1955.0,LOGAN,CORN,15000.0,0.01688998986600608
293,1955.0,LOGAN,NOT CORN,873100.0,0.983110010133994
294,1955.0,MCINTOSH,CORN,18000.0,0.018043303929430637
295,1955.0,MCINTOSH,NOT CORN,979600.0,0.9819566960705692
296,1956.0,DICKEY,CORN,48600.0,0.05127664064148554
297,1956.0,DICKEY,NOT CORN,899200.0,0.9487233593585144
298,1956.0,LA MOURE,CORN,41800.0,0.030937754422322557
299,1956.0,LA MOURE,NOT CORN,1309300.0,0.9690622455776774
300,1956.0,LOGAN,CORN,13000.0,0.013801889797218388
301,1956.0,LOGAN,NOT CORN,928900.0,0.9861981102027816
302,1956.0,MCINTOSH,CORN,15400.0,0.014826225089053626
303,1956.0,MCINTOSH,NOT CORN,1023300.0,0.9851737749109464
304,1957.0,DICKEY,CORN,38200.0,0.04276757725033587
305,1957.0,DICKEY,NOT CORN,855000.0,0.957232422749664
306,1957.0,LA MOURE,CORN,21400.0,0.017966585509193184
307,1957.0,LA MOURE,NOT CORN,1169700.0,0.9820334144908068
308,1957.0,LOGAN,CORN,2200.0,0.002554575011611705
309,1957.0,LOGAN,NOT CORN,859000.0,0.9974454249883884
310,1957.0,MCINTOSH,CORN,6900.0,0.006942348324781165
311,1957.0,MCINTOSH,NOT CORN,987000.0,0.9930576516752188
312,1958.0,DICKEY,CORN,36000.0,0.03742592785112798
313,1958.0,DICKEY,NOT CORN,925900.0,0.962574072148872
314,1958.0,LA MOURE,CORN,19000.0,0.01583069488418597
315,1958.0,LA MOURE,NOT CORN,1181200.0,0.984169305115814
316,1958.0,LOGAN,CORN,2000.0,0.002309468822170901
317,1958.0,LOGAN,NOT CORN,864000.0,0.9976905311778292
318,1958.0,MCINTOSH,CORN,3000.0,0.002961500493583416
319,1958.0,MCINTOSH,NOT CORN,1010000.0,0.9970384995064164
320,1959.0,DICKEY,CORN,46000.0,0.05189530685920578
321,1959.0,DICKEY,NOT CORN,840400.0,0.9481046931407944
322,1959.0,LA MOURE,CORN,39000.0,0.03223673334435444
323,1959.0,LA MOURE,NOT CORN,1170800.0,0.9677632666556456
324,1959.0,LOGAN,CORN,14500.0,0.015079034941763728
325,1959.0,LOGAN,NOT CORN,947100.0,0.9849209650582362
326,1959.0,MCINTOSH,CORN,13500.0,0.012605042016806723
327,1959.0,MCINTOSH,NOT CORN,1057500.0,0.9873949579831932
328,1960.0,DICKEY,CORN,42400.0,0.04789877993673746
329,1960.0,DICKEY,NOT CORN,842800.0,0.9521012200632626
330,1960.0,LA MOURE,CORN,36000.0,0.032397408207343416
331,1960.0,LA MOURE,NOT CORN,1075200.0,0.9676025917926566
332,1960.0,LOGAN,CORN,17000.0,0.01812366737739872
333,1960.0,LOGAN,NOT CORN,921000.0,0.9818763326226012
334,1960.0,MCINTOSH,CORN,15500.0,0.014712861888941622
335,1960.0,MCINTOSH,NOT CORN,1038000.0,0.9852871381110584
336,1961.0,DICKEY,CORN,35000.0,0.03899721448467967
337,1961.0,DICKEY,NOT CORN,862500.0,0.9610027855153204
338,1961.0,LA MOURE,CORN,30000.0,0.024952174997920653
339,1961.0,LA MOURE,NOT CORN,1172300.0,0.9750478250020792
340,1961.0,LOGAN,CORN,17000.0,0.022818791946308724
341,1961.0,LOGAN,NOT CORN,728000.0,0.9771812080536912
342,1961.0,MCINTOSH,CORN,13300.0,0.0137212421334984
343,1961.0,MCINTOSH,NOT CORN,956000.0,0.9862787578665017
344,1962.0,DICKEY,CORN,33000.0,0.04204892966360856
345,1962.0,DICKEY,NOT CORN,751800.0,0.9579510703363916
346,1962.0,LA MOURE,CORN,32000.0,0.0321575721033062
347,1962.0,LA MOURE,NOT CORN,963100.0,0.9678424278966938
348,1962.0,LOGAN,CORN,18000.0,0.02379378717779246
349,1962.0,LOGAN,NOT CORN,738500.0,0.9762062128222077
350,1962.0,MCINTOSH,CORN,15500.0,0.018386714116251486
351,1962.0,MCINTOSH,NOT CORN,827500.0,0.9816132858837484
352,1963.0,DICKEY,CORN,39000.0,0.04941713127217436
353,1963.0,DICKEY,NOT CORN,750200.0,0.9505828687278256
354,1963.0,LA MOURE,CORN,35000.0,0.034213098729227766
355,1963.0,LA MOURE,NOT CORN,988000.0,0.9657869012707724
356,1963.0,LOGAN,CORN,17300.0,0.02202979752960652
357,1963.0,LOGAN,NOT CORN,768000.0,0.9779702024703936
358,1963.0,MCINTOSH,CORN,13700.0,0.015529358422126504
359,1963.0,MCINTOSH,NOT CORN,868500.0,0.9844706415778736
360,1964.0,DICKEY,CORN,39000.0,0.04920514761544285
361,1964.0,DICKEY,NOT CORN,753600.0,0.9507948523845572
362,1964.0,LA MOURE,CORN,34900.0,0.03163524292965917
363,1964.0,LA MOURE,NOT CORN,1068300.0,0.9683647570703408
364,1964.0,LOGAN,CORN,18000.0,0.0205620287868403
365,1964.0,LOGAN,NOT CORN,857400.0,0.9794379712131596
366,1964.0,MCINTOSH,CORN,15300.0,0.015496809480401094
367,1964.0,MCINTOSH,NOT CORN,972000.0,0.9845031905195988
368,1965.0,DICKEY,CORN,36000.0,0.04644561992001032
369,1965.0,DICKEY,NOT CORN,739100.0,0.9535543800799896
370,1965.0,LA MOURE,CORN,32000.0,0.02873563218390805
371,1965.0,LA MOURE,NOT CORN,1081600.0,0.971264367816092
372,1965.0,LOGAN,CORN,14800.0,0.016696750902527074
373,1965.0,LOGAN,NOT CORN,871600.0,0.9833032490974728
374,1965.0,MCINTOSH,CORN,11800.0,0.011948157148643177
375,1965.0,MCINTOSH,NOT CORN,975800.0,0.9880518428513568
376,1966.0,DICKEY,CORN,34000.0,0.042713567839195984
377,1966.0,DICKEY,NOT CORN,762000.0,0.9572864321608041
378,1966.0,LA MOURE,CORN,25000.0,0.022245951236874888
379,1966.0,LA MOURE,NOT CORN,1098800.0,0.9777540487631252
380,1966.0,LOGAN,CORN,13600.0,0.015610651974288337
381,1966.0,LOGAN,NOT CORN,857600.0,0.9843893480257117
382,1966.0,MCINTOSH,CORN,10900.0,0.011148614094302955
383,1966.0,MCINTOSH,NOT CORN,966800.0,0.9888513859056971
384,1967.0,DICKEY,CORN,34300.0,0.039479742173112335
385,1967.0,DICKEY,NOT CORN,834500.0,0.9605202578268875
386,1967.0,LA MOURE,CORN,24000.0,0.01931123270035404
387,1967.0,LA MOURE,NOT CORN,1218800.0,0.980688767299646
388,1967.0,LOGAN,CORN,11500.0,0.012046930651581814
389,1967.0,LOGAN,NOT CORN,943100.0,0.9879530693484182
390,1967.0,MCINTOSH,CORN,10200.0,0.009519365375641624
391,1967.0,MCINTOSH,NOT CORN,1061300.0,0.9904806346243584
392,1968.0,DICKEY,CORN,30900.0,0.034746429776228493
393,1968.0,DICKEY,NOT CORN,858400.0,0.9652535702237716
394,1968.0,LA MOURE,CORN,21700.0,0.017082578918365742
395,1968.0,LA MOURE,NOT CORN,1248600.0,0.9829174210816344
396,1968.0,LOGAN,CORN,10200.0,0.010854528040864106
397,1968.0,LOGAN,NOT CORN,929500.0,0.989145471959136
398,1968.0,MCINTOSH,CORN,7400.0,0.006923004958368416
399,1968.0,MCINTOSH,NOT CORN,1061500.0,0.9930769950416316
400,1969.0,DICKEY,CORN,23600.0,0.029991104333460413
401,1969.0,DICKEY,NOT CORN,763300.0,0.9700088956665396
402,1969.0,LA MOURE,CORN,17900.0,0.016284570596797672
403,1969.0,LA MOURE,NOT CORN,1081300.0,0.9837154294032024
404,1969.0,LOGAN,CORN,7300.0,0.009248701380970479
405,1969.0,LOGAN,NOT CORN,782000.0,0.9907512986190296
406,1969.0,MCINTOSH,CORN,6000.0,0.007554772097708386
407,1969.0,MCINTOSH,NOT CORN,788200.0,0.9924452279022916
408,1970.0,DICKEY,CORN,23400.0,0.031030367325288424
409,1970.0,DICKEY,NOT CORN,730700.0,0.9689696326747116
410,1970.0,LA MOURE,CORN,19000.0,0.01829914282962535
411,1970.0,LA MOURE,NOT CORN,1019300.0,0.9817008571703748
412,1970.0,LOGAN,CORN,7700.0,0.010077215024211493
413,1970.0,LOGAN,NOT CORN,756400.0,0.9899227849757886
414,1970.0,MCINTOSH,CORN,5600.0,0.007039597737272156
415,1970.0,MCINTOSH,NOT CORN,789900.0,0.992960402262728
416,1971.0,DICKEY,CORN,32000.0,0.03454231433506045
417,1971.0,DICKEY,NOT CORN,894400.0,0.9654576856649396
418,1971.0,LA MOURE,CORN,18900.0,0.013792600160548785
419,1971.0,LA MOURE,NOT CORN,1351400.0,0.9862073998394512
420,1971.0,LOGAN,CORN,5400.0,0.005673460811094768
421,1971.0,LOGAN,NOT CORN,946400.0,0.9943265391889052
422,1971.0,MCINTOSH,CORN,6300.0,0.006390100415863678
423,1971.0,MCINTOSH,NOT CORN,979600.0,0.9936098995841364
424,1972.0,DICKEY,CORN,30300.0,0.03476365305185865
425,1972.0,DICKEY,NOT CORN,841300.0,0.9652363469481412
426,1972.0,LA MOURE,CORN,17000.0,0.013518886679920477
427,1972.0,LA MOURE,NOT CORN,1240500.0,0.9864811133200796
428,1972.0,LOGAN,CORN,4300.0,0.005185095863981672
429,1972.0,LOGAN,NOT CORN,825000.0,0.9948149041360184
430,1972.0,MCINTOSH,CORN,5400.0,0.00628053035589672
431,1972.0,MCINTOSH,NOT CORN,854400.0,0.9937194696441032
432,1973.0,DICKEY,CORN,33200.0,0.0322737435598328
433,1973.0,DICKEY,NOT CORN,995500.0,0.9677262564401672
434,1973.0,LA MOURE,CORN,19500.0,0.013526637069922309
435,1973.0,LA MOURE,NOT CORN,1422100.0,0.9864733629300776
436,1973.0,LOGAN,CORN,4900.0,0.005167141200042181
437,1973.0,LOGAN,NOT CORN,943400.0,0.994832858799958
438,1973.0,MCINTOSH,CORN,6100.0,0.0063376623376623364
439,1973.0,MCINTOSH,NOT CORN,956400.0,0.9936623376623376
440,1974.0,DICKEY,CORN,33600.0,0.026590693257359924
441,1974.0,DICKEY,NOT CORN,1230000.0,0.97340930674264
442,1974.0,LA MOURE,CORN,18400.0,0.010614976347063574
443,1974.0,LA MOURE,NOT CORN,1715000.0,0.9893850236529363
444,1974.0,LOGAN,CORN,4000.0,0.0037857278061707365
445,1974.0,LOGAN,NOT CORN,1052600.0,0.9962142721938292
446,1974.0,MCINTOSH,CORN,7300.0,0.006420404573438874
447,1974.0,MCINTOSH,NOT CORN,1129700.0,0.9935795954265612
448,1975.0,DICKEY,CORN,30200.0,0.02387729285262492
449,1975.0,DICKEY,NOT CORN,1234600.0,0.976122707147375
450,1975.0,LA MOURE,CORN,17700.0,0.011387762980119669
451,1975.0,LA MOURE,NOT CORN,1536600.0,0.9886122370198804
452,1975.0,LOGAN,CORN,4200.0,0.0039675042508974115
453,1975.0,LOGAN,NOT CORN,1054400.0,0.9960324957491026
454,1975.0,MCINTOSH,CORN,6500.0,0.005513146734520779
455,1975.0,MCINTOSH,NOT CORN,1172500.0,0.9944868532654793
456,1976.0,DICKEY,CORN,30500.0,0.018612314639653384
457,1976.0,DICKEY,NOT CORN,1608200.0,0.9813876853603466
458,1976.0,LA MOURE,CORN,22100.0,0.012060027285129605
459,1976.0,LA MOURE,NOT CORN,1810400.0,0.9879399727148704
460,1976.0,LOGAN,CORN,4000.0,0.003755515913998685
461,1976.0,LOGAN,NOT CORN,1061100.0,0.9962444840860012
462,1976.0,MCINTOSH,CORN,5200.0,0.0039862016098121894
463,1976.0,MCINTOSH,NOT CORN,1299300.0,0.9960137983901878
464,1977.0,DICKEY,CORN,42600.0,0.034044593622632464
465,1977.0,DICKEY,NOT CORN,1208700.0,0.9659554063773677
466,1977.0,LA MOURE,CORN,21200.0,0.01378951476518798
467,1977.0,LA MOURE,NOT CORN,1516200.0,0.986210485234812
468,1977.0,LOGAN,CORN,6800.0,0.006561806426710412
469,1977.0,LOGAN,NOT CORN,1029500.0,0.9934381935732896
470,1977.0,MCINTOSH,CORN,9800.0,0.0087546900125067
471,1977.0,MCINTOSH,NOT CORN,1109600.0,0.9912453099874932
472,1978.0,DICKEY,CORN,41100.0,0.031434034416826004
473,1978.0,DICKEY,NOT CORN,1266400.0,0.9685659655831741
474,1978.0,LA MOURE,CORN,21300.0,0.012346394620913515
475,1978.0,LA MOURE,NOT CORN,1703900.0,0.9876536053790864
476,1978.0,LOGAN,CORN,6800.0,0.006436955698599016
477,1978.0,LOGAN,NOT CORN,1049600.0,0.993563044301401
478,1978.0,MCINTOSH,CORN,9400.0,0.00807213396307428
479,1978.0,MCINTOSH,NOT CORN,1155100.0,0.9919278660369256
480,1979.0,DICKEY,CORN,45400.0,0.03398966833869881
481,1979.0,DICKEY,NOT CORN,1290300.0,0.9660103316613012
482,1979.0,LA MOURE,CORN,21000.0,0.012751229582852632
483,1979.0,LA MOURE,NOT CORN,1625900.0,0.9872487704171472
484,1979.0,LOGAN,CORN,7500.0,0.00663423264042459
485,1979.0,LOGAN,NOT CORN,1123000.0,0.9933657673595754
486,1979.0,MCINTOSH,CORN,7500.0,0.006649525667169075
487,1979.0,MCINTOSH,NOT CORN,1120400.0,0.9933504743328309
488,1980.0,DICKEY,CORN,44000.0,0.030739136509710774
489,1980.0,DICKEY,NOT CORN,1387400.0,0.9692608634902892
490,1980.0,LA MOURE,CORN,23100.0,0.013052322296304666
491,1980.0,LA MOURE,NOT CORN,1746700.0,0.9869476777036952
492,1980.0,LOGAN,CORN,9800.0,0.011746374205921131
493,1980.0,LOGAN,NOT CORN,824500.0,0.9882536257940788
494,1980.0,MCINTOSH,CORN,11600.0,0.013052773714414313
495,1980.0,MCINTOSH,NOT CORN,877100.0,0.9869472262855856
496,1981.0,DICKEY,CORN,50500.0,0.03428843020097773
497,1981.0,DICKEY,NOT CORN,1422300.0,0.9657115697990224
498,1981.0,LA MOURE,CORN,29900.0,0.015455391295358212
499,1981.0,LA MOURE,NOT CORN,1904700.0,0.9845446087046418
500,1981.0,LOGAN,CORN,14800.0,0.01289872755795712
501,1981.0,LOGAN,NOT CORN,1132600.0,0.9871012724420428
502,1981.0,MCINTOSH,CORN,13700.0,0.01015868307874833
503,1981.0,MCINTOSH,NOT CORN,1334900.0,0.9898413169212515
504,1982.0,DICKEY,CORN,100200.0,0.07662307868777242
505,1982.0,DICKEY,NOT CORN,1207500.0,0.9233769213122276
506,1982.0,LA MOURE,CORN,63800.0,0.036285048057783084
507,1982.0,LA MOURE,NOT CORN,1694500.0,0.9637149519422168
508,1982.0,LOGAN,CORN,25500.0,0.024072500708014727
509,1982.0,LOGAN,NOT CORN,1033800.0,0.9759274992919852
510,1982.0,MCINTOSH,CORN,19400.0,0.01582510808385676
511,1982.0,MCINTOSH,NOT CORN,1206500.0,0.9841748919161432
512,1983.0,DICKEY,CORN,77300.0,0.06917844997315196
513,1983.0,DICKEY,NOT CORN,1040100.0,0.930821550026848
514,1983.0,LA MOURE,CORN,55400.0,0.03947555935585008
515,1983.0,LA MOURE,NOT CORN,1348000.0,0.96052444064415
516,1983.0,LOGAN,CORN,20800.0,0.02456306093528578
517,1983.0,LOGAN,NOT CORN,826000.0,0.9754369390647142
518,1983.0,MCINTOSH,CORN,18000.0,0.018798955613577025
519,1983.0,MCINTOSH,NOT CORN,939500.0,0.981201044386423
520,1984.0,DICKEY,CORN,113300.0,0.08900235663786331
521,1984.0,DICKEY,NOT CORN,1159700.0,0.9109976433621368
522,1984.0,LA MOURE,CORN,78000.0,0.04763067904250122
523,1984.0,LA MOURE,NOT CORN,1559600.0,0.9523693209574988
524,1984.0,LOGAN,CORN,24100.0,0.025786432698480632
525,1984.0,LOGAN,NOT CORN,910500.0,0.9742135673015192
526,1984.0,MCINTOSH,CORN,20900.0,0.01919191919191919
527,1984.0,MCINTOSH,NOT CORN,1068100.0,0.9808080808080808
528,1985.0,DICKEY,CORN,112100.0,0.07642487046632124
529,1985.0,DICKEY,NOT CORN,1354700.0,0.9235751295336788
530,1985.0,LA MOURE,CORN,69400.0,0.04314042394480015
531,1985.0,LA MOURE,NOT CORN,1539300.0,0.9568595760552
532,1985.0,LOGAN,CORN,21500.0,0.02112814465408805
533,1985.0,LOGAN,NOT CORN,996100.0,0.978871855345912
534,1985.0,MCINTOSH,CORN,22000.0,0.019142086487427133
535,1985.0,MCINTOSH,NOT CORN,1127300.0,0.9808579135125728
536,1986.0,DICKEY,CORN,100800.0,0.06767825970189338
537,1986.0,DICKEY,NOT CORN,1388600.0,0.9323217402981068
538,1986.0,LA MOURE,CORN,66400.0,0.04162487462387161
539,1986.0,LA MOURE,NOT CORN,1528800.0,0.9583751253761283
540,1986.0,LOGAN,CORN,21200.0,0.022825150732127483
541,1986.0,LOGAN,NOT CORN,907600.0,0.9771748492678726
542,1986.0,MCINTOSH,CORN,21400.0,0.019254993701637576
543,1986.0,MCINTOSH,NOT CORN,1090000.0,0.9807450062983624
544,1987.0,DICKEY,CORN,93400.0,0.07342767295597484
545,1987.0,DICKEY,NOT CORN,1178600.0,0.9265723270440251
546,1987.0,LA MOURE,CORN,59600.0,0.0368834705117891
547,1987.0,LA MOURE,NOT CORN,1556300.0,0.9631165294882108
548,1987.0,LOGAN,CORN,20400.0,0.021219055543998337
549,1987.0,LOGAN,NOT CORN,941000.0,0.9787809444560016
550,1987.0,MCINTOSH,CORN,19400.0,0.017687819110138586
551,1987.0,MCINTOSH,NOT CORN,1077400.0,0.9823121808898614
552,1988.0,DICKEY,CORN,84200.0,0.0901981788966256
553,1988.0,DICKEY,NOT CORN,849300.0,0.9098018211033744
554,1988.0,LA MOURE,CORN,49400.0,0.04069527967707389
555,1988.0,LA MOURE,NOT CORN,1164500.0,0.959304720322926
556,1988.0,LOGAN,CORN,13600.0,0.03222748815165877
557,1988.0,LOGAN,NOT CORN,408400.0,0.9677725118483412
558,1988.0,MCINTOSH,CORN,8200.0,0.02423167848699764
559,1988.0,MCINTOSH,NOT CORN,330200.0,0.9757683215130024
560,1989.0,DICKEY,CORN,114600.0,0.07918192496372556
561,1989.0,DICKEY,NOT CORN,1332700.0,0.9208180750362744
562,1989.0,LA MOURE,CORN,58800.0,0.030827304183705568
563,1989.0,LA MOURE,NOT CORN,1848600.0,0.9691726958162944
564,1989.0,LOGAN,CORN,19200.0,0.021636240703177826
565,1989.0,LOGAN,NOT CORN,868200.0,0.9783637592968222
566,1989.0,MCINTOSH,CORN,17400.0,0.015031098825155494
567,1989.0,MCINTOSH,NOT CORN,1140200.0,0.9849689011748444
568,1990.0,DICKEY,CORN,115400.0,0.07907359188707687
569,1990.0,DICKEY,NOT CORN,1344000.0,0.9209264081129231
570,1990.0,LA MOURE,CORN,57800.0,0.029527458492975733
571,1990.0,LA MOURE,NOT CORN,1899700.0,0.9704725415070242
572,1990.0,LOGAN,CORN,22800.0,0.02184954480114997
573,1990.0,LOGAN,NOT CORN,1020700.0,0.97815045519885
574,1990.0,MCINTOSH,CORN,21200.0,0.016614420062695926
575,1990.0,MCINTOSH,NOT CORN,1254800.0,0.9833855799373041
576,1991.0,DICKEY,CORN,128600.0,0.09935105067985167
577,1991.0,DICKEY,NOT CORN,1165800.0,0.9006489493201484
578,1991.0,LA MOURE,CORN,67000.0,0.03960747221565382
579,1991.0,LA MOURE,NOT CORN,1624600.0,0.960392527784346
580,1991.0,LOGAN,CORN,25200.0,0.02672322375397667
581,1991.0,LOGAN,NOT CORN,917800.0,0.9732767762460234
582,1991.0,MCINTOSH,CORN,23400.0,0.0206476661078267
583,1991.0,MCINTOSH,NOT CORN,1109900.0,0.9793523338921734
584,1992.0,DICKEY,CORN,146600.0,0.1001434524216135
585,1992.0,DICKEY,NOT CORN,1317300.0,0.8998565475783865
586,1992.0,LA MOURE,CORN,73000.0,0.03788271925272444
587,1992.0,LA MOURE,NOT CORN,1854000.0,0.9621172807472756
588,1992.0,LOGAN,CORN,21200.0,0.020626581046896283
589,1992.0,LOGAN,NOT CORN,1006600.0,0.9793734189531036
590,1992.0,MCINTOSH,CORN,22000.0,0.017894908085244837
591,1992.0,MCINTOSH,NOT CORN,1207400.0,0.9821050919147551
592,1993.0,DICKEY,CORN,113400.0,0.08351745470614229
593,1993.0,DICKEY,NOT CORN,1244400.0,0.9164825452938578
594,1993.0,LA MOURE,CORN,57800.0,0.03173034694773825
595,1993.0,LA MOURE,NOT CORN,1763800.0,0.9682696530522618
596,1993.0,LOGAN,CORN,18400.0,0.017360128313991887
597,1993.0,LOGAN,NOT CORN,1041500.0,0.982639871686008
598,1993.0,MCINTOSH,CORN,14400.0,0.013394102874151242
599,1993.0,MCINTOSH,NOT CORN,1060700.0,0.9866058971258488
600,1994.0,DICKEY,CORN,108000.0,0.08235473539728534
601,1994.0,DICKEY,NOT CORN,1203400.0,0.9176452646027148
602,1994.0,LA MOURE,CORN,52200.0,0.02715214564369311
603,1994.0,LA MOURE,NOT CORN,1870300.0,0.9728478543563068
604,1994.0,LOGAN,CORN,15600.0,0.015786278081360048
605,1994.0,LOGAN,NOT CORN,972600.0,0.98421372191864
606,1994.0,MCINTOSH,CORN,16200.0,0.013727650199135669
607,1994.0,MCINTOSH,NOT CORN,1163900.0,0.9862723498008644
608,1995.0,DICKEY,CORN,95200.0,0.08078750848608282
609,1995.0,DICKEY,NOT CORN,1083200.0,0.9192124915139172
610,1995.0,LA MOURE,CORN,41800.0,0.02398026504503471
611,1995.0,LA MOURE,NOT CORN,1701300.0,0.9760197349549652
612,1995.0,LOGAN,CORN,12000.0,0.012503907471084716
613,1995.0,LOGAN,NOT CORN,947700.0,0.9874960925289152
614,1995.0,MCINTOSH,CORN,9600.0,0.009564610939523762
615,1995.0,MCINTOSH,NOT CORN,994100.0,0.9904353890604762
616,1996.0,DICKEY,CORN,109800.0,0.10605621558968414
617,1996.0,DICKEY,NOT CORN,925500.0,0.8939437844103159
618,1996.0,LA MOURE,CORN,52600.0,0.03635107118175535
619,1996.0,LA MOURE,NOT CORN,1394400.0,0.9636489288182446
620,1996.0,LOGAN,CORN,12000.0,0.014405762304921969
621,1996.0,LOGAN,NOT CORN,821000.0,0.9855942376950779
622,1996.0,MCINTOSH,CORN,12200.0,0.01332168595763267
623,1996.0,MCINTOSH,NOT CORN,903600.0,0.9866783140423672
624,1997.0,DICKEY,CORN,127600.0,0.1752988047808765
625,1997.0,DICKEY,NOT CORN,600300.0,0.8247011952191236
626,1997.0,LA MOURE,CORN,54800.0,0.06084156766959033
627,1997.0,LA MOURE,NOT CORN,845900.0,0.9391584323304096
628,1997.0,LOGAN,CORN,10400.0,0.020824989987985584
629,1997.0,LOGAN,NOT CORN,489000.0,0.9791750100120143
630,1997.0,MCINTOSH,CORN,12200.0,0.013920584208124144
631,1997.0,MCINTOSH,NOT CORN,864200.0,0.986079415791876
632,1998.0,DICKEY,CORN,125600.0,0.18626724010084533
633,1998.0,DICKEY,NOT CORN,548700.0,0.8137327598991547
634,1998.0,LA MOURE,CORN,73400.0,0.08473793581159085
635,1998.0,LA MOURE,NOT CORN,792800.0,0.9152620641884092
636,1998.0,LOGAN,CORN,11800.0,0.02383838383838384
637,1998.0,LOGAN,NOT CORN,483200.0,0.976161616161616
638,1998.0,MCINTOSH,CORN,13200.0,0.01873669268985096
639,1998.0,MCINTOSH,NOT CORN,691300.0,0.9812633073101491
640,1999.0,DICKEY,CORN,109600.0,0.18677573278800272
641,1999.0,DICKEY,NOT CORN,477200.0,0.8132242672119973
642,1999.0,LA MOURE,CORN,63800.0,0.07496181412289978
643,1999.0,LA MOURE,NOT CORN,787300.0,0.9250381858771002
644,1999.0,LOGAN,CORN,6600.0,0.013710012463647694
645,1999.0,LOGAN,NOT CORN,474800.0,0.9862899875363524
646,1999.0,MCINTOSH,CORN,8000.0,0.012055455093429776
647,1999.0,MCINTOSH,NOT CORN,655600.0,0.9879445449065702
648,2000.0,DICKEY,CORN,174000.0,0.2304635761589404
649,2000.0,DICKEY,NOT CORN,581000.0,0.7695364238410596
650,2000.0,LA MOURE,CORN,108000.0,0.13157894736842105
651,2000.0,LA MOURE,NOT CORN,712800.0,0.8684210526315791
652,2000.0,LOGAN,CORN,9500.0,0.020746887966804982
653,2000.0,LOGAN,NOT CORN,448400.0,0.9792531120331949
654,2000.0,MCINTOSH,CORN,14300.0,0.021445710857828437
655,2000.0,MCINTOSH,NOT CORN,652500.0,0.9785542891421716
656,2001.0,DICKEY,CORN,131500.0,0.24886449659348975
657,2001.0,DICKEY,NOT CORN,396900.0,0.7511355034065103
658,2001.0,LA MOURE,CORN,86500.0,0.11657681940700808
659,2001.0,LA MOURE,NOT CORN,655500.0,0.883423180592992
660,2001.0,LOGAN,CORN,9000.0,0.01923899102180419
661,2001.0,LOGAN,NOT CORN,458800.0,0.9807610089781958
662,2001.0,MCINTOSH,CORN,14500.0,0.03162486368593239
663,2001.0,MCINTOSH,NOT CORN,444000.0,0.9683751363140676
664,2002.0,DICKEY,CORN,179500.0,0.30563596117827346
665,2002.0,DICKEY,NOT CORN,407800.0,0.6943640388217266
666,2002.0,LA MOURE,CORN,120000.0,0.16494845360824742
667,2002.0,LA MOURE,NOT CORN,607500.0,0.8350515463917526
668,2002.0,LOGAN,CORN,10300.0,0.026162052324104648
669,2002.0,LOGAN,NOT CORN,383400.0,0.9738379476758954
670,2002.0,MCINTOSH,CORN,20000.0,0.04914004914004914
671,2002.0,MCINTOSH,NOT CORN,387000.0,0.9508599508599508
672,2003.0,DICKEY,CORN,204400.0,0.37649659237428623
673,2003.0,DICKEY,NOT CORN,338500.0,0.6235034076257138
674,2003.0,LA MOURE,CORN,155400.0,0.27311072056239016
675,2003.0,LA MOURE,NOT CORN,413600.0,0.7268892794376098
676,2003.0,LOGAN,CORN,17000.0,0.03991547311575487
677,2003.0,LOGAN,NOT CORN,408900.0,0.9600845268842452
678,2003.0,MCINTOSH,CORN,24700.0,0.056521739130434775
679,2003.0,MCINTOSH,NOT CORN,412300.0,0.9434782608695652
680,2004.0,DICKEY,CORN,248700.0,0.416443402545211
681,2004.0,DICKEY,NOT CORN,348500.0,0.5835565974547889
682,2004.0,LA MOURE,CORN,189300.0,0.2990993837889082
683,2004.0,LA MOURE,NOT CORN,443600.0,0.7009006162110918
684,2004.0,LOGAN,CORN,20600.0,0.045145737453429764
685,2004.0,LOGAN,NOT CORN,435700.0,0.9548542625465702
686,2004.0,MCINTOSH,CORN,20600.0,0.041818920016240366
687,2004.0,MCINTOSH,NOT CORN,472000.0,0.9581810799837596
688,2005.0,DICKEY,CORN,194400.0,0.4225168441643121
689,2005.0,DICKEY,NOT CORN,265700.0,0.5774831558356879
690,2005.0,LA MOURE,CORN,166800.0,0.24138929088277855
691,2005.0,LA MOURE,NOT CORN,524200.0,0.7586107091172214
692,2005.0,LOGAN,CORN,15400.0,0.03504779244424215
693,2005.0,LOGAN,NOT CORN,424000.0,0.9649522075557578
694,2005.0,MCINTOSH,CORN,15400.0,0.029787234042553193
695,2005.0,MCINTOSH,NOT CORN,501600.0,0.9702127659574468
696,2006.0,DICKEY,CORN,212900.0,0.4216676569617746
697,2006.0,DICKEY,NOT CORN,292000.0,0.5783323430382253
698,2006.0,LA MOURE,CORN,211500.0,0.3394318728935965
699,2006.0,LA MOURE,NOT CORN,411600.0,0.6605681271064034
700,2006.0,LOGAN,CORN,19500.0,0.055350553505535055
701,2006.0,LOGAN,NOT CORN,332800.0,0.9446494464944648
702,2006.0,MCINTOSH,CORN,22100.0,0.058589607635206785
703,2006.0,MCINTOSH,NOT CORN,355100.0,0.9414103923647932
704,2007.0,DICKEY,CORN,269500.0,0.4828883712596309
705,2007.0,DICKEY,NOT CORN,288600.0,0.5171116287403691
706,2007.0,LA MOURE,CORN,304100.0,0.4333143345682531
707,2007.0,LA MOURE,NOT CORN,397700.0,0.5666856654317469
708,2007.0,LOGAN,CORN,29900.0,0.07061880018894663
709,2007.0,LOGAN,NOT CORN,393500.0,0.9293811998110534
710,2007.0,MCINTOSH,CORN,29900.0,0.0825282914711565
711,2007.0,MCINTOSH,NOT CORN,332400.0,0.9174717085288436
712,2008.0,DICKEY,CORN,272600.0,0.5362974621286641
713,2008.0,DICKEY,NOT CORN,235700.0,0.4637025378713358
714,2008.0,LA MOURE,CORN,155200.0,0.3020042809885192
715,2008.0,LA MOURE,NOT CORN,358700.0,0.6979957190114808
716,2008.0,LOGAN,CORN,31700.0,0.08178534571723428
717,2008.0,LOGAN,NOT CORN,355900.0,0.9182146542827656
718,2008.0,MCINTOSH,CORN,28700.0,0.07460358721081363
719,2008.0,MCINTOSH,NOT CORN,356000.0,0.9253964127891864
720,2009.0,DICKEY,CORN,117000.0,0.3455404607206143
721,2009.0,DICKEY,NOT CORN,221600.0,0.6544595392793857
722,2009.0,LA MOURE,CORN,120000.0,0.2687569988801792
723,2009.0,LA MOURE,NOT CORN,326500.0,0.7312430011198209
724,2009.0,LOGAN,CORN,31500.0,0.12768544791244427
725,2009.0,LOGAN,NOT CORN,215200.0,0.8723145520875557
726,2009.0,MCINTOSH,CORN,26100.0,0.08862478777589135
727,2009.0,MCINTOSH,NOT CORN,268400.0,0.9113752122241088
728,2010.0,DICKEY,CORN,107500.0,0.322242206235012
729,2010.0,DICKEY,NOT CORN,226100.0,0.6777577937649879
730,2010.0,LA MOURE,CORN,121500.0,0.2666812993854258
731,2010.0,LA MOURE,NOT CORN,334100.0,0.7333187006145742
732,2010.0,LOGAN,CORN,27700.0,0.10704486609730647
733,2010.0,LOGAN,NOT CORN,231070.0,0.8929551339026935
734,2010.0,MCINTOSH,CORN,21400.0,0.07409972299168975
735,2010.0,MCINTOSH,NOT CORN,267400.0,0.9259002770083102
736,2011.0,DICKEY,CORN,150600.0,0.4624596959926302
737,2011.0,DICKEY,NOT CORN,175050.0,0.5375403040073699
738,2011.0,LA MOURE,CORN,136000.0,0.3263347330533893
739,2011.0,LA MOURE,NOT CORN,280750.0,0.6736652669466107
740,2011.0,LOGAN,CORN,42250.0,0.17588044292731664
741,2011.0,LOGAN,NOT CORN,197970.0,0.8241195570726834
742,2011.0,MCINTOSH,CORN,42400.0,0.15446265938069215
743,2011.0,MCINTOSH,NOT CORN,232100.0,0.8455373406193079
744,2012.0,DICKEY,CORN,193100.0,0.4834267975165231
745,2012.0,DICKEY,NOT CORN,206340.0,0.5165732024834768
746,2012.0,LA MOURE,CORN,180700.0,0.4017162420523765
747,2012.0,LA MOURE,NOT CORN,269120.0,0.5982837579476235
748,2012.0,LOGAN,CORN,63280.0,1.0
749,2012.0,MCINTOSH,CORN,60130.0,0.4645754461871282
750,2012.0,MCINTOSH,NOT CORN,69300.0,0.5354245538128718
751,2013.0,DICKEY,CORN,201010.0,0.5255026012391832
752,2013.0,DICKEY,NOT CORN,181500.0,0.4744973987608167
753,2013.0,LA MOURE,CORN,198700.0,0.445316001792918
754,2013.0,LA MOURE,NOT CORN,247500.0,0.554683998207082
755,2013.0,LOGAN,NOT CORN,94000.0,1.0
756,2014.0,DICKEY,CORN,144900.0,0.3775994162714338
757,2014.0,DICKEY,NOT CORN,238840.0,0.6224005837285662
758,2014.0,LA MOURE,NOT CORN,297500.0,1.0
759,2014.0,LOGAN,NOT CORN,4540.0,1.0
760,2014.0,MCINTOSH,CORN,47400.0,0.9007981755986316
761,2014.0,MCINTOSH,NOT CORN,5220.0,0.09920182440136832
762,2015.0,DICKEY,CORN,158910.0,0.4271659363995591
763,2015.0,DICKEY,NOT CORN,213100.0,0.5728340636004409
764,2015.0,LA MOURE,CORN,152600.0,0.3300886869997837
765,2015.0,LA MOURE,NOT CORN,309700.0,0.6699113130002163
766,2015.0,LOGAN,CORN,9580.0,0.18014291086874765
767,2015.0,LOGAN,NOT CORN,43600.0,0.8198570891312523
768,2015.0,MCINTOSH,CORN,6910.0,1.0
769,2016.0,DICKEY,CORN,176200.0,0.44795850917781055
770,2016.0,DICKEY,NOT CORN,217140.0,0.5520414908221895
771,2016.0,LA MOURE,CORN,173400.0,0.3307392996108949
772,2016.0,LA MOURE,NOT CORN,350880.0,0.669260700389105
773,2016.0,LOGAN,CORN,36250.0,0.12871498064836842
774,2016.0,LOGAN,NOT CORN,245380.0,0.8712850193516316
775,2016.0,MCINTOSH,CORN,49580.0,0.20493531186706895
776,2016.0,MCINTOSH,NOT CORN,192350.0,0.7950646881329309
777,2017.0,DICKEY,CORN,158850.0,0.3970952178586606
778,2017.0,DICKEY,NOT CORN,241180.0,0.6029047821413394
779,2017.0,LA MOURE,CORN,159500.0,0.3080399389713977
780,2017.0,LA MOURE,NOT CORN,358290.0,0.6919600610286023
781,2017.0,LOGAN,CORN,6110.0,0.03610684316274672
782,2017.0,LOGAN,NOT CORN,163110.0,0.9638931568372532
783,2017.0,MCINTOSH,CORN,3730.0,0.02225138698323689
784,2017.0,MCINTOSH,NOT CORN,163900.0,0.9777486130167632
785,2018.0,DICKEY,NOT CORN,260780.0,1.0
786,2018.0,LA MOURE,NOT CORN,344570.0,1.0
787,2018.0,LOGAN,NOT CORN,53300.0,1.0
788,2018.0,MCINTOSH,NOT CORN,69500.0,1.0
789,2019.0,DICKEY,NOT CORN,149190.0,1.0
790,2019.0,LA MOURE,CORN,124600.0,0.34249587685541505
791,2019.0,LA MOURE,NOT CORN,239200.0,0.657504123144585
792,2019.0,LOGAN,NOT CORN,43200.0,1.0
793,2019.0,MCINTOSH,NOT CORN,65840.0,1.0
794,2020.0,DICKEY,CORN,84600.0,0.37586635862804335
795,2020.0,DICKEY,NOT CORN,140480.0,0.6241336413719566
796,2020.0,LA MOURE,CORN,61250.0,0.2253329409167832
797,2020.0,LA MOURE,NOT CORN,210570.0,0.7746670590832169
798,2020.0,LOGAN,CORN,28220.0,0.1665879574970484
799,2020.0,LOGAN,NOT CORN,141180.0,0.8334120425029516
800,2020.0,MCINTOSH,CORN,39280.0,0.17598566308243727
801,2020.0,MCINTOSH,NOT CORN,183920.0,0.8240143369175628
0,2012.0,LOGAN,NOT CORN,,0.0
0,2013.0,LOGAN,CORN,,0.0
0,2014.0,LA MOURE,CORN,,0.0
0,2014.0,LOGAN,CORN,,0.0
0,2015.0,MCINTOSH,NOT CORN,,0.0
0,2018.0,DICKEY,CORN,,0.0
0,2018.0,LA MOURE,CORN,,0.0
0,2018.0,LOGAN,CORN,,0.0
0,2018.0,MCINTOSH,CORN,,0.0
0,2019.0,DICKEY,CORN,,0.0
0,2019.0,LOGAN,CORN,,0.0
0,2019.0,MCINTOSH,CORN,,0.0
